{"main":"american-flight-api-new.raml","name":"American Flight API New","organizationId":"fbc7ab0e-7bd7-43dc-b597-c77978a1ab95","groupId":"fbc7ab0e-7bd7-43dc-b597-c77978a1ab95","assetId":"american-flight-api-new","version":"1.0.2","metadata":{"branchId":"master","commitId":"c5ce25a5323f57ce5d0a0281167bfa1f474a116a","projectId":"e6153021-2688-4acf-82ad-c13d6d3cd8bb"},"apiVersion":"v1","classifier":"raml","dependencies":[{"assetId":"training-american-flight-data-type","groupId":"68ef9520-24e9-4cf2-b2f5-620025690913","version":"1.0.1"},{"assetId":"training-american-flights-example","groupId":"68ef9520-24e9-4cf2-b2f5-620025690913","version":"1.0.1"}],"tags":[],"originalFormatVersion":"1.0"}