{"main":"american-flight-api-new.raml","name":"American Flight API New","classifier":"raml","tags":[],"dependencies":[{"groupId":"68ef9520-24e9-4cf2-b2f5-620025690913","assetId":"training-american-flight-data-type","version":"1.0.1"},{"groupId":"68ef9520-24e9-4cf2-b2f5-620025690913","assetId":"training-american-flights-example","version":"1.0.1"}],"groupId":"fbc7ab0e-7bd7-43dc-b597-c77978a1ab95","assetId":"american-flight-api-new","version":"1.0.1","apiVersion":"v1","originalFormatVersion":"1.0"}